{
    "class_lines_5_-1": {
        "exact_match": 0.0,
        "chrf": 0.4796187172281392,
        "bleu": 0.19314026923234015,
        "rouge": 0.3791530207496466,
        "meteor": 0.4280949348569665,
        "bert": 0.3867665626108646,
        "syntax_valid": 0.2
    },
    "class_random_split_lines_5_-1": {
        "exact_match": 0.0,
        "chrf": 0.4333486514214282,
        "bleu": 0.1359275890933699,
        "rouge": 0.3137381782933958,
        "meteor": 0.3833198311617788,
        "bert": 0.35061761796474455,
        "syntax_valid": 0.3
    },
    "functions_arguments_-1_-1": {
        "exact_match": 0.0,
        "chrf": 0.2835437325199216,
        "bleu": 0.06002313040174953,
        "rouge": 0.12843527483596576,
        "meteor": 0.2578247235091966,
        "bert": -0.1508725348673761,
        "syntax_valid": 0.26
    },
    "functions_assignments_-1_-1": {
        "exact_match": 0.02,
        "chrf": 0.26455266372926173,
        "bleu": 0.07965166030170188,
        "rouge": 0.17479077151776298,
        "meteor": 0.2966827535309528,
        "bert": -0.16209460533224046,
        "syntax_valid": 0.4
    },
    "functions_assignments_-1_3": {
        "exact_match": 0.02,
        "chrf": 0.23221965368472197,
        "bleu": 0.034727320725331634,
        "rouge": 0.10263466959930095,
        "meteor": 0.20524996896968695,
        "bert": -0.14710359066724776
    },
    "functions_conditions_-1_-1": {
        "exact_match": 0.14,
        "chrf": 0.4176577173516843,
        "bleu": 0.11696116908540183,
        "rouge": 0.3207916117809141,
        "meteor": 0.37415764100124066,
        "bert": 0.06149280892219394,
        "syntax_valid": 0.5
    },
    "functions_conditions_-1_3": {
        "exact_match": 0.04,
        "chrf": 0.2887215695474233,
        "bleu": 0.037403688345492306,
        "rouge": 0.18173291982332918,
        "meteor": 0.22369888837371865,
        "bert": -0.22757344181183725
    },
    "functions_lines_3_-1": {
        "exact_match": 0.0,
        "chrf": 0.38185447472733053,
        "bleu": 0.10224627120753203,
        "rouge": 0.275596797578572,
        "meteor": 0.3356202567590335,
        "bert": 0.30483999133110046,
        "syntax_valid": 0.28
    },
    "functions_random_split_arguments_-1_-1": {
        "exact_match": 0.0,
        "chrf": 0.2219540637680517,
        "bleu": 0.058464698788041024,
        "rouge": 0.07791047317807628,
        "meteor": 0.2200721411101163,
        "bert": -0.2644440837576985,
        "syntax_valid": 0.28
    },
    "functions_random_split_assignments_-1_-1": {
        "exact_match": 0.0,
        "chrf": 0.345083251457479,
        "bleu": 0.11063317237412865,
        "rouge": 0.17571373785591227,
        "meteor": 0.3755268036434438,
        "bert": -0.06467189472168684,
        "syntax_valid": 0.36
    },
    "functions_random_split_assignments_-1_3": {
        "exact_match": 0.0,
        "chrf": 0.3305909399972148,
        "bleu": 0.0909245923025063,
        "rouge": 0.16128968855825046,
        "meteor": 0.3748229159686078,
        "bert": -0.025989359728991985
    },
    "functions_random_split_conditions_-1_-1": {
        "exact_match": 0.1,
        "chrf": 0.3084082583710271,
        "bleu": 0.08717370930866411,
        "rouge": 0.2548926223982099,
        "meteor": 0.335781047909387,
        "bert": -0.11500465026125312,
        "syntax_valid": 0.3
    },
    "functions_random_split_conditions_-1_3": {
        "exact_match": 0.0,
        "chrf": 0.2165313487290018,
        "bleu": 0.0182604536094501,
        "rouge": 0.13201658905261004,
        "meteor": 0.22846196971478072,
        "bert": -0.2835600020177662
    },
    "functions_random_split_lines_3_-1": {
        "exact_match": 0.02,
        "chrf": 0.3932599858909448,
        "bleu": 0.12673221990943606,
        "rouge": 0.2900207380176175,
        "meteor": 0.3823893772387499,
        "bert": 0.3279257571697235,
        "syntax_valid": 0.34
    }
}