{
    "exact_match": 0.36,
    "chrf": 0.6012892712965529,
    "bleu": 0.20922114360593702,
    "rouge": 0.5597198678068463,
    "meteor": 0.4893917726786387,
    "bert": 0.5261450681276619,
    "HumanEval": 5.42
}