{
    "exact_match": 0.42,
    "chrf": 0.6912909401060097,
    "bleu": 0.2906821581620978,
    "rouge": 0.6398030841109641,
    "meteor": 0.5918341560964394,
    "bert": 0.6698307782411576,
    "HumanEval": 6.24
}