{
    "exact_match": 0.38,
    "chrf": 0.6523843993765895,
    "bleu": 0.25521856984868163,
    "rouge": 0.5841567170966573,
    "meteor": 0.5312922851812902,
    "bert": 0.5892616721987725,
    "HumanEval": 5.96
}