{
    "exact_match": 0.34,
    "chrf": 0.6427314162699288,
    "bleu": 0.26118258336279776,
    "rouge": 0.545778241612754,
    "meteor": 0.5204009898590952,
    "bert": 0.5114124014601111,
    "HumanEval": 5.26
}