{
    "exact_match": 0.0,
    "chrf": 0.27671502048032404,
    "bleu": 0.05962956180599485,
    "rouge": 0.15323747698539764,
    "meteor": 0.26160090117878726,
    "bert": -0.11217582307755947,
    "HumanEval": 1.08
}