{
    "exact_match": 0.3871428571428571,
    "chrf": 0.6585679468152197,
    "bleu": 0.3369598353281984,
    "rouge": 0.594348620460587,
    "meteor": 0.593006302572826,
    "bert": 0.5706986899337997,
    "syntax_valid": 0.9560000000000002
}