{
    "exact_match": 0.43142857142857144,
    "chrf": 0.7196504717326679,
    "bleu": 0.40179041232696655,
    "rouge": 0.6534274934885799,
    "meteor": 0.6502544779890239,
    "bert": 0.6554994132080382,
    "syntax_valid": 0.984
}