{
    "exact_match": 0.3614285714285715,
    "chrf": 0.668766631581428,
    "bleu": 0.3494236602066941,
    "rouge": 0.5952968189683927,
    "meteor": 0.6041679161551835,
    "bert": 0.5490615020679875,
    "syntax_valid": 0.842
}