{
    "exact_match": 0.41428571428571426,
    "chrf": 0.7018158683719685,
    "bleu": 0.3786911054566841,
    "rouge": 0.62060763118307,
    "meteor": 0.635457930660745,
    "bert": 0.624106139438892,
    "syntax_valid": 0.8939999999999999
}