{
    "exact_match": 0.024285714285714292,
    "chrf": 0.32838178774454496,
    "bleu": 0.08944785319179613,
    "rouge": 0.2120512209456831,
    "meteor": 0.3158359466962614,
    "bert": -0.0006908160833907931,
    "syntax_valid": 0.32199999999999995
}